seqID,spfamID,matchRegion,evalue,modelMatch,alignModel,famEvalue,scopFamID,scopDomID
T0436_2_1-66,0050696,7-411,6.69e-45,7,DAARLAQVREEVTAKYAELKAKNLSLDLTRGKPSAEQL--DLSNDLLSlpggDFRTKDGVDCRNYGGLLGIADIRELWAEALG------LPADLVVAQDGSSLNIMFDLISWsytWGNNDssrpwsaeekvKWLCPVPGYDRHFTITEHFGFEMINVPMTDEGPDMGVVRELVKD-----PQVKGMWTVPVFGNPTGVTFSEQTCRELAEMSTAApDFRIVWDNAYALHTLSDE-FPIVHNVIEfaqaagnPNRFWFMSSTSKITHAGSGVSFFASSKENIEWYASHANVRGIGPNKLNQLAHAQFFGDVAgLKAHMLKHAASLAPKFERVLEILDSRLSeYGVaKWTSPTGGYFISVDVVPG-TASRVVELAKEAGIALTgAGSSFPLHNdPNNENIRLAPSLPPVAELEVAMDGFATC,0.00058,121244,53384
T0447_3_1-115,0046548,1-540,1.49e-227,10,MKPIKEIADQLELKDDILYPYGHYIAKIDHRFLKSLENHEDGKLILVTAVTPTPAGEGKTTTSIGLSMSLNRIGKKSIVTLREPSLGPTLGLKGGATGGGRSRVLPSDEINLHFTGDMHAVASAHNLLAAVLDSHIKHGNELKIDITRVFWKRTMDMNDRALRSIVIGLGGSANGFPREDSFIITAASEVMAILALSENMKDLKERLGKIIVALDADRKIVRISDLGIQGAMAVLLKDAINPNLVQTTEGTPALIHCGPFANIAHGTNSIIATKMAMKLSEYTVTEAGFGADLGAEKFIDFVSRVGGFYPNAAVLVATVRALKYHGGANLKNIHEENLEALKEGFKNLRVHVENLRKFNLPVVVALNRFSTDTEKEIAYVVKECEKLGVRVAVSevFKKGSEGGVELAKAVAEAAKD--VEPAYLYEMNDPVEKKIEILAKEIYRAGRVEFSDTAKNALKFIKKHGFDELPVIVAKTPKSISHDPSLRGAPEGYTFVVSDLFVSAGAGFVVALSGDINLMPGLPKKPNALNMDVDDSGNIVG,9.85e-11,32241,52652
T0450_3_1-97,0039664,"14-96,126-236",3.62e-33,17,MSEKQLDLLVIGGGITGAGIALDAQV----RGIQTGLVEMNDFASGTSSRSTKLVHGGLRYLkqfeiklvaevgkeraivYENAPH------------------------VttpewmllpifkdgtfgkfstslglkvydYLADVRkDERRYMLNEKQTLEKEPLLRKENLKGGGIYVEYRTDDARLTLeIMKEAVARGAVALNYMKVESFIYDQ---GKVVGVVAKDRLTDTTHTIYAKKVVNAAGPWVDTLR,0.067,30566,51943
T0450_3_1-97,0041376,249-342,5.89e-13,3,LSKGVHLVVDQSRFPLRQAVYfdtesDGRMIFAIPREGKTYIGTTDTFYDkdiASPRMTVEDRDYILAAANYMFPSLnlTADDVESSWAGLRPL,0.017,85667,54384
T0485_2_1-147,0054332,23-169,5.63e-33,43,LFAPIYPIIAENIINRF----GITAG-NCIDIGSGPGALSIALAKQSDFSIRALDFSKHMNEIALKNIADADLNDRIQIVQGDVHNIPIEDNYADLIVSRGSVFFWEDVTTAFREIYRILKSGGKTYIGGGFGNKELRDSISAEMIRKNPDW,0.086,116203,110671
T0490_2_1-85,0048771,6-322,7.34e-41,3,DCIVIGAGVVGLAIARALAAGGHE-VLVAEAAEGI-GTGTSSRNSEVIHAGIYYPAdslKARLCVRGKHLLYEYCAARGVPHQRLGKLIVATSDAEASQLDSIARRAGANGVDdLQHIDGAAARRLEPALH---CTAALVSPSTGIVDSHALMLAYQGDAESDGAQLVFHTPLIAGRVRPeGGFE-LDFGGAEpmtLSCRVLINAAGLHAPGLARRIeGIPRDS------------IPPEYLCKGSyftlagrapfsrliyPVPQHAGLGVHLTLDLGGQAKFGPdTEWIATEDYTldprradvFYAAVRSYWPALPDGALAPGYTGIRPKISGP,0.014,30369,51913
T0398_2_1-124,0042340,133-269,1.68e-18,11,SIPTAEGTIMMAIQHTDFTIHGANVAVLGLGRVGMSVARKFAALGAKVKVGARESDLLARIAEMGMEPFH-----ISKAAQELRDVDVCINTIP------ALVVTANVLAEMPSHTFVIDLA---------SKPGGTDFRYAEKRGIKALLVPGLPG,0.042,123150,51830
T0416_2_1-205,0046105,9-124,5.04e-20,1,LIVIVGPTASGKTELSIEVAKKFNGeiisgdsmQVYqgmdIGTAKVTTEEMEG-IPHYMIDilpPDASFSAYEFKKRAEKYIKDITRRGKvPIIAGGTGLYIQSLLYNYaFEDESIS,0.078,86948,81269
T0416_2_1-205,0046162,"6-80,166-217,258-314",3.99e-13,2,KPFLIVIVGPTASGKTELSIEVAKKFNGEIISGDSM---QVYQGMDIGT-AKVTTEEMEGIPHYMIDILPPDASFSAYEfkkraekyikditrrgkvpiiaggtglyiqsllynyafedesisedkmkqvklklkelehlnnnklheylasfdkesakdihpnnRKRVLRAIEYYLKTKKLLS----------------------------SRKKVQQFTENYDtLLIGIEMSRETLYLRINKRvdimlghglfnevqhlveqgfeasqsmqaigykelvpvikG-----NISMENAVEKLKQHSRQYAKRQLTWFKNKMNVHWLNKERMSLQMMLDEITTQINKR,0.058,86948,81269
T0418_2_1-16,0049067,1-212,1.73e-52,127,MKYTVYLFDFDYTLADSSRGIVTCFR-SVLERHGYTGITDDMIKRTIGKTLEESFSILTGiTDADQLESFRQEYSKEADIYMN---ANTILFPDTLPTLTHLKKQGIRIGIISTKYRFRILSFLRNHMPDDWFDI--IIGGEDV-----------THHKPDPEGLLLAIDRLK--------------ACPEEVLYIGDSTVDAGTAAAAGVSFTGVTSGM---TTAQEFQAYPYDRIISTLGQLIS,0.0026,136345,75173
T0422_3_1-72,0042094,79-353,3.22e-59,2,PPVNWEDIAGVEFAKATIKEIVVWPMLRPDIFTGLR-GPPKGILLFGPPGTGKTLIGKCIASQSGATFFSISASSLTSKWVGEGEKMVRALFAVARCQQPAVIFIDEIDSLLSQRG---DGEHESSRRIKTEFLVQLDGATtsSEDRILVVGATNRPQEIDEAARR--RLVKRLYIPLPEASARKQIVINLMSKEQCClSEEEIEQIVQQSDAFSGADMTQLCREASLGPIRSLQTA-------------DIATITPDQVRPIAYIDFENAFRTVRPSVSPKDLELYENWNKTF,1.22e-05,93795,81269
T0438_1_1-168,0052828,193-437,1.42e-66,7,SDLELRIGQNCAS----------LIKDGDTLQLGIGGIPDAVLRALEGH--KDLGIHTEMFTDGVMRMIRKGIINGKKktlhpEKVVTSLIFGSKELYDFVNNNP-VIECYPVDYINNPDVIGkNDRMVSINSCLEMDLMGQAASESI-GYEQFSGSGGQVDFLRGAkrskgGISIMAFPSTAKKGTESRIVPILKEgacVTTGRNEVDYVVTEYGVARLRGATLRQRAEALTA-IAHPDFRPALEEEIRRRFELEHHHH,0.00056,134554,74656
T0438_1_1-168,0052827,3-224,2.15e-42,5,WQELYRQRVCSADEAVVdSLKPGTKVVFG--HAAAAPVRFSQAMYRQREKlENITVFHMLYFGDAPHLA---PEMRSHVHPTLNFLEGNSRPASRDRRVDFIPCHFHEVPELFRQGFF-PLDVAVVQVSTPNEEGYCSFGVSCDYTKAAAECAPVVVAEVNKQMPFIGGENLihisklthIIEVDEPIAEVLPPAGSDLELRIGQNCASLIKDGdTLQLGIGGIPDAV,0.018,134553,74656
T0441_3_1-69,0035780,70-333,3.85e-49,2,SYSIALIIPSLFEKACAHFLPSFQQALNKAGYQLLLGYSDYSIEQEEKLLSTFLESRPAGVVLFGseHSQRTHQLLEASNTPVLEIAELSSKasYLNIGVDHFEVGKACTRHLIEQGFKNVGFIGARG-NHSTLQRQLHGWQSAMIENYLTPdhfLTTHEAPSSQLGAEGLAKLLLrdSSLNALVCSHEEIAIGALFECHRRVlkvPTDIAIICLEGSSMGEHAYPSLTSAEFDYERMGTKAAEKLLHAIKGEPEERPTSMGFKL,0.00039,138854,53823
T0441_3_1-69,0051985,12-70,4.31e-16,3,NVTLADVAKQAGVGTMTVSRALRTPELVSDKLREKIQQVVDELGYIPNKAAGALASAES,0.0023,128620,47438
T0442_2_1-127,0054510,14-262,3.92e-114,7,EAARKARATYRDGLVAPTSGIAPGFTQANMIVLPRDWAFDFLLYAQRNPKPCPVLDVSDPGSPTTLLAPGADLRTDLPLYRIWRDGKLAEETADATSAWAERDDLVAFLIGCSFTFETPMVEAGIEIRHMTDKSNVPMYLTNRPCRPAGRLKGNMVVSMRPIPASRVADAATISGRFPAVHGAPVHVGAPEQIGISDLSKPDFGDAVRIEPGEVPVFWACGVTPQAAVMASGVPFAITHAPGHMFITDI,1.46e-09,149509,160921
T0445_2_1-80,0051888,1-264,1.10e-54,9,MIKLIATDIDGTLVKDGSLLIDPEYMSVIDRLIDKGIIFVVCSGRQFSSEFKLFAPIKHK------LLYITDGGTVVR-TPKEILKTYPMDEDIWKGMCRMVRDElpACDYFAATPDFCFAE---DGGSPIFHLLRDSYGFEMREVDDITRLDRNdIIKFTVFHPDKCEELCTPVFIPAWNKKAHLAAAGKEWVDCNAKGVSKWTALSYLIDRFDLLPDEVCCFGDNLNDIEMLQNAGISYAVSNARQEVIAAAKHTCA-PYWENGVLSVLKSFL,0.00043,111860,82388
T0452_2_1-156,0036893,147-306,9.15e-47,1,PVVKLAKRYL-ALCEIESVKGIFNGTCNYILSRMEE---ERLPYEHILKEAQELGYAEADPSYDVEGIDAALKLVIIANTI-GVKASYEDVEVTGITQITPEA---------------------FQVAAEKGYTIRLIAEVSREK--LKVSPRLVPFHHPLA-IKGTMNAAMFKTDT-AGSIFVAGRGAG,0.00043,39948,55363
T0452_2_1-156,0036892,1-168,8.52e-28,4,MIKIAIVGFGTVGQGVAELLIRKREEiekaiGEFKVTAVADSKSSISG--------DFSLVEALRmKRETGMLRDDAKAIEVVRSADYDVLIEASVtrvdGGEGVNYIREALKRGKHVVTSNKGPLVAEFHGLMSLAE--RNGVRLMYEATVGGAMPVVKLAKRYLalCEIESVKGIF,0.015,30232,51883
T0494_2_1-113,0038659,"44-300,349-379",2.13e-79,3,YIVKNGEKWMDRYEIDSLIGKGSFGQVVKAYDRVEQEWVAIKIIKNKKAFLNQAQIEVRLLELMNKHDTEM-----KYYIVHLKRHFMFRN----HLCLVFEMLSYNLYDLLRNTNFRGVSLNLTRKFAQQMCTALLFLATPeLSIIHCDLKPENILLCNP----KRSAIKIVDFGSSCQLGQRIYQYIQSRFYRSPEVLLGMPYDLAIDMWSLGCILVEMHTGEPLFSGAN------EVDQMNKIVEVLGIPPAHILDQAPKARKFFEKLPDGTWnlkktkdgkreykppgtrklhnilgV------------------------EtggpggrragesghtvadylkFKDLILRMLDYDPKTRIQPYYALQHSFFKKT,3.52e-05,41679,88854
T0505_2_1-84,0051888,3-275,1.36e-56,7,AMSKQLLALNIDGALLRS-NGKIHQATKDAIEYVKKKGIYVTLVTNRHFRSAQKIAKSLKLD------AKLITHSGAYIAEKIDAPFFEKRISDDHTFNIVQVLESYQCNIRLLHEKYSIGNKKKVNSNLLGKALIHPSDPIFYPvqfveslSDLLMDEPVSAPVIEVYTEHDIQHDITETITKAFPA-VDVIRVNDEKLNIVPKGVSKEAGLALVASELGLSMDDVVAIGHQYDDLPMIELAGLGVAMGNAVPEIKRKADWVTR-SNDEQGVAYMMKEYFR,0.00040,97621,82388
T0424_3_1-92,0054920,180-347,1.25e-59,2,DYSSPPVATLCWSRTDSRCNIERMDIEWDTDNRFSEVTFLAQSHGRSGDSAKHDLKWVYKDPTMTLHRPKTVVVSDADNLAALQKQAKKQLADWRLEGFTLTITVGGHKTRDGVLWQPGLRVHVIDDEHGIDAVFFLMGRRFMLSRMDGTQTELRLKEDGIWTPDAYP,1.12e-08,157270,69280
T0424_3_1-92,0054919,8-177,5.67e-52,3,YAVSVRVGGKEHRHWERYDIDSDFLIPADSFDFVIGRLGPEAAIPDLSGESCEVVIDGQIVMTGIIGSQRHGKSKGSRELSLSGRDLAGFLVDCSAPQLNVKGMTVLDAAKKLAAPWPQIKAVVLKAENNPALGKIDIEPGETVWQALTHIANSVGLHPWLEPDGTLVVG,1.40e-08,157269,69280
T0487_4_1-175,0049752,282-685,2.48e-73,5,PWEERRRRTREIASWI------GRRLGLGT----PEAVRAQAYRLSIPKLMGRRA-------VSKPADALRVGFYRAQETAL-ALLRLDGAQGWPEFLRRALLRAFGASGASLRLHTLHAHPSQG-LAFREALRKAK--EEGVQAVLVLTPPMAWED---RNRLKALLLREGLPSQILNVPLREEERH----------RWENALLGLLAKAGLQVVALSGAYPAELAVGFDAGG--RESFRFGGAACAVGGDGGHLLWTLPEAQAGERIPQEvVWDLLEETLWAFRRKA-GRLPSRVLLLRDGRVPQDEFALALEALAREGIAYDLVSVRKSGGGRVYpvqGRLADGLYVPleD-KtFLLLTVHRDFRGTPRPLKLV--------HEAGDTPLEALAHQIFHLTRLYPASGFAFPRLPAPLHLADRLVKEVGRLGIRHLKEVDREKLFFV,0.0014,124121,110640
