seqID,spfamID,spfamName,scopspfamID,matchRegion,evalue,modelMatch,alignModel,famEvalue,scopFamID,closeStruct,scopDomID,famName
T0436_2_1-66,0050696,PLP-dependent transferases,53383,7-411,6.69e-45,7,DAARLAQVREEVTAKYAELKAKNLSLDLTRGKPSAEQL--DLSNDLLSlpggDFRTKDGVDCRNYGGLLGIADIRELWAEALG------LPADLVVAQDGSSLNIMFDLISWsytWGNNDssrpwsaeekvKWLCPVPGYDRHFTITEHFGFEMINVPMTDEGPDMGVVRELVKD-----PQVKGMWTVPVFGNPTGVTFSEQTCRELAEMSTAApDFRIVWDNAYALHTLSDE-FPIVHNVIEfaqaagnPNRFWFMSSTSKITHAGSGVSFFASSKENIEWYASHANVRGIGPNKLNQLAHAQFFGDVAgLKAHMLKHAASLAPKFERVLEILDSRLSeYGVaKWTSPTGGYFISVDVVPG-TASRVVELAKEAGIALTgAGSSFPLHNdPNNENIRLAPSLPPVAELEVAMDGFATC,0.00058,121244,1wst A:13-415,53384,AAT-like
T0447_3_1-115,0046548,P-loop containing nucleoside triphosphate hydrolases,52540,1-540,1.49e-227,10,MKPIKEIADQLELKDDILYPYGHYIAKIDHRFLKSLENHEDGKLILVTAVTPTPAGEGKTTTSIGLSMSLNRIGKKSIVTLREPSLGPTLGLKGGATGGGRSRVLPSDEINLHFTGDMHAVASAHNLLAAVLDSHIKHGNELKIDITRVFWKRTMDMNDRALRSIVIGLGGSANGFPREDSFIITAASEVMAILALSENMKDLKERLGKIIVALDADRKIVRISDLGIQGAMAVLLKDAINPNLVQTTEGTPALIHCGPFANIAHGTNSIIATKMAMKLSEYTVTEAGFGADLGAEKFIDFVSRVGGFYPNAAVLVATVRALKYHGGANLKNIHEENLEALKEGFKNLRVHVENLRKFNLPVVVALNRFSTDTEKEIAYVVKECEKLGVRVAVSevFKKGSEGGVELAKAVAEAAKD--VEPAYLYEMNDPVEKKIEILAKEIYRAGRVEFSDTAKNALKFIKKHGFDELPVIVAKTPKSISHDPSLRGAPEGYTFVVSDLFVSAGAGFVVALSGDINLMPGLPKKPNALNMDVDDSGNIVG,9.85e-11,32241,1eg7 A:,52652,Nitrogenase iron protein-like
T0450_3_1-97,0039664,FAD/NAD(P)-binding domain,51905,"14-96,126-236",3.62e-33,17,MSEKQLDLLVIGGGITGAGIALDAQV----RGIQTGLVEMNDFASGTSSRSTKLVHGGLRYLkqfeiklvaevgkeraivYENAPH------------------------VttpewmllpifkdgtfgkfstslglkvydYLADVRkDERRYMLNEKQTLEKEPLLRKENLKGGGIYVEYRTDDARLTLeIMKEAVARGAVALNYMKVESFIYDQ---GKVVGVVAKDRLTDTTHTIYAKKVVNAAGPWVDTLR,0.067,30566,1d7y A:116-236,51943,"FAD/NAD-linked reductases, N-terminal and central domains"
T0450_3_1-97,0041376,"FAD-linked reductases, C-terminal domain",54373,249-342,5.89e-13,3,LSKGVHLVVDQSRFPLRQAVYfdtesDGRMIFAIPREGKTYIGTTDTFYDkdiASPRMTVEDRDYILAAANYMFPSLnlTADDVESSWAGLRPL,0.017,85667,1ng4 A:219-306,54384,D-aminoacid oxidase-like
T0485_2_1-147,0054332,S-adenosyl-L-methionine-dependent methyltransferases,53335,23-169,5.63e-33,43,LFAPIYPIIAENIINRF----GITAG-NCIDIGSGPGALSIALAKQSDFSIRALDFSKHMNEIALKNIADADLNDRIQIVQGDVHNIPIEDNYADLIVSRGSVFFWEDVTTAFREIYRILKSGGKTYIGGGFGNKELRDSISAEMIRKNPDW,0.086,116203,1xxl A:,110671,UbiE/COQ5-like
T0490_2_1-85,0048771,FAD/NAD(P)-binding domain,51905,6-322,7.34e-41,3,DCIVIGAGVVGLAIARALAAGGHE-VLVAEAAEGI-GTGTSSRNSEVIHAGIYYPAdslKARLCVRGKHLLYEYCAARGVPHQRLGKLIVATSDAEASQLDSIARRAGANGVDdLQHIDGAAARRLEPALH---CTAALVSPSTGIVDSHALMLAYQGDAESDGAQLVFHTPLIAGRVRPeGGFE-LDFGGAEpmtLSCRVLINAAGLHAPGLARRIeGIPRDS------------IPPEYLCKGSyftlagrapfsrliyPVPQHAGLGVHLTLDLGGQAKFGPdTEWIATEDYTldprradvFYAAVRSYWPALPDGALAPGYTGIRPKISGP,0.014,30369,"1el5 A:1-217,A:322-385",51913,"FAD-linked reductases, N-terminal domain"
T0398_2_1-124,0042340,NAD(P)-binding Rossmann-fold domains,51735,133-269,1.68e-18,11,SIPTAEGTIMMAIQHTDFTIHGANVAVLGLGRVGMSVARKFAALGAKVKVGARESDLLARIAEMGMEPFH-----ISKAAQELRDVDVCINTIP------ALVVTANVLAEMPSHTFVIDLA---------SKPGGTDFRYAEKRGIKALLVPGLPG,0.042,123150,1ygy A:99-282,51830,"Formate/glycerate dehydrogenases, NAD-domain"
T0416_2_1-205,0046105,P-loop containing nucleoside triphosphate hydrolases,52540,9-124,5.04e-20,1,LIVIVGPTASGKTELSIEVAKKFNGeiisgdsmQVYqgmdIGTAKVTTEEMEG-IPHYMIDilpPDASFSAYEFKKRAEKYIKDITRRGKvPIIAGGTGLYIQSLLYNYaFEDESIS,0.078,86948,1ofh A:,81269,Extended AAA-ATPase domain
T0416_2_1-205,0046162,P-loop containing nucleoside triphosphate hydrolases,52540,"6-80,166-217,258-314",3.99e-13,2,KPFLIVIVGPTASGKTELSIEVAKKFNGEIISGDSM---QVYQGMDIGT-AKVTTEEMEGIPHYMIDILPPDASFSAYEfkkraekyikditrrgkvpiiaggtglyiqsllynyafedesisedkmkqvklklkelehlnnnklheylasfdkesakdihpnnRKRVLRAIEYYLKTKKLLS----------------------------SRKKVQQFTENYDtLLIGIEMSRETLYLRINKRvdimlghglfnevqhlveqgfeasqsmqaigykelvpvikG-----NISMENAVEKLKQHSRQYAKRQLTWFKNKMNVHWLNKERMSLQMMLDEITTQINKR,0.058,86948,1ofh A:,81269,Extended AAA-ATPase domain
T0418_2_1-16,0049067,HAD-like,56784,1-212,1.73e-52,127,MKYTVYLFDFDYTLADSSRGIVTCFR-SVLERHGYTGITDDMIKRTIGKTLEESFSILTGiTDADQLESFRQEYSKEADIYMN---ANTILFPDTLPTLTHLKKQGIRIGIISTKYRFRILSFLRNHMPDDWFDI--IIGGEDV-----------THHKPDPEGLLLAIDRLK--------------ACPEEVLYIGDSTVDAGTAAAAGVSFTGVTSGM---TTAQEFQAYPYDRIISTLGQLIS,0.0026,136345,2hdo A:1-207,75173,beta-Phosphoglucomutase-like
T0422_3_1-72,0042094,P-loop containing nucleoside triphosphate hydrolases,52540,79-353,3.22e-59,2,PPVNWEDIAGVEFAKATIKEIVVWPMLRPDIFTGLR-GPPKGILLFGPPGTGKTLIGKCIASQSGATFFSISASSLTSKWVGEGEKMVRALFAVARCQQPAVIFIDEIDSLLSQRG---DGEHESSRRIKTEFLVQLDGATtsSEDRILVVGATNRPQEIDEAARR--RLVKRLYIPLPEASARKQIVINLMSKEQCClSEEEIEQIVQQSDAFSGADMTQLCREASLGPIRSLQTA-------------DIATITPDQVRPIAYIDFENAFRTVRPSVSPKDLELYENWNKTF,1.22e-05,93795,1oz4 A:471-763,81269,Extended AAA-ATPase domain
T0438_1_1-168,0052828,NagB/RpiA/CoA transferase-like,100950,193-437,1.42e-66,7,SDLELRIGQNCAS----------LIKDGDTLQLGIGGIPDAVLRALEGH--KDLGIHTEMFTDGVMRMIRKGIINGKKktlhpEKVVTSLIFGSKELYDFVNNNP-VIECYPVDYINNPDVIGkNDRMVSINSCLEMDLMGQAASESI-GYEQFSGSGGQVDFLRGAkrskgGISIMAFPSTAKKGTESRIVPILKEgacVTTGRNEVDYVVTEYGVARLRGATLRQRAEALTA-IAHPDFRPALEEEIRRRFELEHHHH,0.00056,134554,2g39 A:224-497,74656,CoA transferase alpha subunit-like
T0438_1_1-168,0052827,NagB/RpiA/CoA transferase-like,100950,3-224,2.15e-42,5,WQELYRQRVCSADEAVVdSLKPGTKVVFG--HAAAAPVRFSQAMYRQREKlENITVFHMLYFGDAPHLA---PEMRSHVHPTLNFLEGNSRPASRDRRVDFIPCHFHEVPELFRQGFF-PLDVAVVQVSTPNEEGYCSFGVSCDYTKAAAECAPVVVAEVNKQMPFIGGENLihisklthIIEVDEPIAEVLPPAGSDLELRIGQNCASLIKDGdTLQLGIGGIPDAV,0.018,134553,2g39 A:3-223,74656,CoA transferase alpha subunit-like
T0441_3_1-69,0035780,Periplasmic binding protein-like I,53822,70-333,3.85e-49,2,SYSIALIIPSLFEKACAHFLPSFQQALNKAGYQLLLGYSDYSIEQEEKLLSTFLESRPAGVVLFGseHSQRTHQLLEASNTPVLEIAELSSKasYLNIGVDHFEVGKACTRHLIEQGFKNVGFIGARG-NHSTLQRQLHGWQSAMIENYLTPdhfLTTHEAPSSQLGAEGLAKLLLrdSSLNALVCSHEEIAIGALFECHRRVlkvPTDIAIICLEGSSMGEHAYPSLTSAEFDYERMGTKAAEKLLHAIKGEPEERPTSMGFKL,0.00039,138854,2nzu G:58-332,53823,L-arabinose binding protein-like
T0441_3_1-69,0051985,lambda repressor-like DNA-binding domains,47413,12-70,4.31e-16,3,NVTLADVAKQAGVGTMTVSRALRTPELVSDKLREKIQQVVDELGYIPNKAAGALASAES,0.0023,128620,2bjc A:1-62,47438,GalR/LacI-like bacterial regulator
T0442_2_1-127,0054510,PSTPO5379-like,160920,14-262,3.92e-114,7,EAARKARATYRDGLVAPTSGIAPGFTQANMIVLPRDWAFDFLLYAQRNPKPCPVLDVSDPGSPTTLLAPGADLRTDLPLYRIWRDGKLAEETADATSAWAERDDLVAFLIGCSFTFETPMVEAGIEIRHMTDKSNVPMYLTNRPCRPAGRLKGNMVVSMRPIPASRVADAATISGRFPAVHGAPVHVGAPEQIGISDLSKPDFGDAVRIEPGEVPVFWACGVTPQAAVMASGVPFAITHAPGHMFITDI,1.46e-09,149509,2pif A:7-262,160921,PSTPO5379-like
T0445_2_1-80,0051888,HAD-like,56784,1-264,1.10e-54,9,MIKLIATDIDGTLVKDGSLLIDPEYMSVIDRLIDKGIIFVVCSGRQFSSEFKLFAPIKHK------LLYITDGGTVVR-TPKEILKTYPMDEDIWKGMCRMVRDElpACDYFAATPDFCFAE---DGGSPIFHLLRDSYGFEMREVDDITRLDRNdIIKFTVFHPDKCEELCTPVFIPAWNKKAHLAAAGKEWVDCNAKGVSKWTALSYLIDRFDLLPDEVCCFGDNLNDIEMLQNAGISYAVSNARQEVIAAAKHTCA-PYWENGVLSVLKSFL,0.00043,111860,1rlm A:,82388,Predicted hydrolases Cof
T0452_2_1-156,0036893,"Glyceraldehyde-3-phosphate dehydrogenase-like, C-terminal domain",55347,147-306,9.15e-47,1,PVVKLAKRYL-ALCEIESVKGIFNGTCNYILSRMEE---ERLPYEHILKEAQELGYAEADPSYDVEGIDAALKLVIIANTI-GVKASYEDVEVTGITQITPEA---------------------FQVAAEKGYTIRLIAEVSREK--LKVSPRLVPFHHPLA-IKGTMNAAMFKTDT-AGSIFVAGRGAG,0.00043,39948,1ebf A:151-340,55363,Homoserine dehydrogenase-like
T0452_2_1-156,0036892,NAD(P)-binding Rossmann-fold domains,51735,1-168,8.52e-28,4,MIKIAIVGFGTVGQGVAELLIRKREEiekaiGEFKVTAVADSKSSISG--------DFSLVEALRmKRETGMLRDDAKAIEVVRSADYDVLIEASVtrvdGGEGVNYIREALKRGKHVVTSNKGPLVAEFHGLMSLAE--RNGVRLMYEATVGGAMPVVKLAKRYLalCEIESVKGIF,0.015,30232,1b26 A:179-412,51883,"Aminoacid dehydrogenase-like, C-terminal domain"
T0494_2_1-113,0038659,Protein kinase-like (PK-like),56112,"44-300,349-379",2.13e-79,3,YIVKNGEKWMDRYEIDSLIGKGSFGQVVKAYDRVEQEWVAIKIIKNKKAFLNQAQIEVRLLELMNKHDTEM-----KYYIVHLKRHFMFRN----HLCLVFEMLSYNLYDLLRNTNFRGVSLNLTRKFAQQMCTALLFLATPeLSIIHCDLKPENILLCNP----KRSAIKIVDFGSSCQLGQRIYQYIQSRFYRSPEVLLGMPYDLAIDMWSLGCILVEMHTGEPLFSGAN------EVDQMNKIVEVLGIPPAHILDQAPKARKFFEKLPDGTWnlkktkdgkreykppgtrklhnilgV------------------------EtggpggrragesghtvadylkFKDLILRMLDYDPKTRIQPYYALQHSFFKKT,3.52e-05,41679,1how A:,88854,"Protein kinases, catalytic subunit"
T0505_2_1-84,0051888,HAD-like,56784,3-275,1.36e-56,7,AMSKQLLALNIDGALLRS-NGKIHQATKDAIEYVKKKGIYVTLVTNRHFRSAQKIAKSLKLD------AKLITHSGAYIAEKIDAPFFEKRISDDHTFNIVQVLESYQCNIRLLHEKYSIGNKKKVNSNLLGKALIHPSDPIFYPvqfveslSDLLMDEPVSAPVIEVYTEHDIQHDITETITKAFPA-VDVIRVNDEKLNIVPKGVSKEAGLALVASELGLSMDDVVAIGHQYDDLPMIELAGLGVAMGNAVPEIKRKADWVTR-SNDEQGVAYMMKEYFR,0.00040,97621,1rkq A:,82388,Predicted hydrolases Cof
T0424_3_1-92,0054920,Phage tail proteins,69279,180-347,1.25e-59,2,DYSSPPVATLCWSRTDSRCNIERMDIEWDTDNRFSEVTFLAQSHGRSGDSAKHDLKWVYKDPTMTLHRPKTVVVSDADNLAALQKQAKKQLADWRLEGFTLTITVGGHKTRDGVLWQPGLRVHVIDDEHGIDAVFFLMGRRFMLSRMDGTQTELRLKEDGIWTPDAYP,1.12e-08,157270,3d37 A:179-347,69280,Baseplate protein-like
T0424_3_1-92,0054919,Phage tail proteins,69279,8-177,5.67e-52,3,YAVSVRVGGKEHRHWERYDIDSDFLIPADSFDFVIGRLGPEAAIPDLSGESCEVVIDGQIVMTGIIGSQRHGKSKGSRELSLSGRDLAGFLVDCSAPQLNVKGMTVLDAAKKLAAPWPQIKAVVLKAENNPALGKIDIEPGETVWQALTHIANSVGLHPWLEPDGTLVVG,1.40e-08,157269,3d37 A:6-178,69280,Baseplate protein-like
T0487_4_1-175,0049752,Ribonuclease H-like,53098,282-685,2.48e-73,5,PWEERRRRTREIASWI------GRRLGLGT----PEAVRAQAYRLSIPKLMGRRA-------VSKPADALRVGFYRAQETAL-ALLRLDGAQGWPEFLRRALLRAFGASGASLRLHTLHAHPSQG-LAFREALRKAK--EEGVQAVLVLTPPMAWED---RNRLKALLLREGLPSQILNVPLREEERH----------RWENALLGLLAKAGLQVVALSGAYPAELAVGFDAGG--RESFRFGGAACAVGGDGGHLLWTLPEAQAGERIPQEvVWDLLEETLWAFRRKA-GRLPSRVLLLRDGRVPQDEFALALEALAREGIAYDLVSVRKSGGGRVYpvqGRLADGLYVPleD-KtFLLLTVHRDFRGTPRPLKLV--------HEAGDTPLEALAHQIFHLTRLYPASGFAFPRLPAPLHLADRLVKEVGRLGIRHLKEVDREKLFFV,0.0014,124121,1yvu A:315-706,110640,PIWI domain
